unique_id,age,sex,bmi,children,smoker,region,expenses,I,J
1,19,female,27.9,0,yes,southwest,16884.92,,
2,31,female,25.7,0,no,southeast,3756.62,,
3,46,female,33.4,1,no,southeast,8240.59,,
4,37,female,27.7,3,no,northwest,7281.51,,
5,56,female,39.8,0,no,southeast,11090.72,,
6,52,female,30.8,1,no,northeast,10797.34,,
7,60,female,36,0,no,northeast,13228.85,,
8,30,female,32.4,1,no,southwest,4149.74,,
9,59,female,27.7,3,no,southeast,14001.13,,
10,63,female,23.1,0,no,northeast,14451.84,,
11,55,female,32.8,2,no,northwest,12268.63,,
12,18,female,26.3,0,no,northeast,2198.19,,
13,19,female,28.6,5,no,southwest,4687.8,,
14,62,female,33,3,no,northwest,15612.19,,
15,24,female,26.6,0,no,northeast,3046.06,,
16,31,female,36.6,2,no,southeast,4949.76,,
17,37,female,30.8,2,no,southeast,6313.76,,
18,18,female,38.7,2,no,northeast,3393.36,,
19,28,female,34.8,0,no,northwest,3556.92,,
20,60,female,24.5,0,no,southeast,12629.9,,
21,18,female,35.6,0,no,northeast,2211.13,,
22,21,female,33.6,2,no,northwest,3579.83,,
23,40,female,28.7,3,no,northwest,8059.68,,
24,58,female,31.8,2,no,northeast,13607.37,,
25,34,female,37.3,2,no,northwest,5989.52,,
26,28,female,25.9,1,no,northwest,4133.64,,
27,20,female,22.4,0,yes,northwest,14711.74,,
28,19,female,28.9,0,no,southwest,1743.21,,
29,61,female,39.1,2,no,southwest,14235.07,,
30,40,female,36.2,0,no,southeast,5920.1,,
31,27,female,24.8,0,yes,southeast,16577.78,,
32,53,female,28.1,3,no,southwest,11741.73,,
33,29,female,29.6,1,no,southeast,3947.41,,
34,22,female,39.8,0,no,northeast,2755.02,,
35,41,female,33,0,no,northwest,6571.02,,
36,45,female,38.3,0,no,northeast,7935.29,,
37,48,female,41.2,4,no,northwest,11033.66,,
38,56,female,27.2,0,no,southwest,11073.18,,
39,46,female,27.7,0,no,northwest,8026.67,,
40,55,female,27,0,no,northwest,11082.58,,
41,21,female,39.5,0,no,southeast,2026.97,,
42,53,female,24.8,1,no,northwest,10942.13,,
43,28,female,37.6,1,no,southeast,3766.88,,
44,54,female,30.8,3,no,southwest,12105.32,,
45,41,female,31.6,0,no,southwest,6186.13,,
46,34,female,27.5,1,no,southwest,5003.85,,
47,19,female,28.4,1,no,southwest,2331.52,,
48,55,female,29.7,2,no,southwest,11881.36,,
49,21,female,35.7,0,no,northwest,2404.73,,
50,49,female,27.2,0,no,southeast,8601.33,,
51,37,female,23.4,2,no,northwest,6686.43,,
52,20,female,29,0,no,northwest,2257.48,,
53,47,female,33.9,3,no,northwest,10115.01,,
54,26,female,28.8,0,no,northeast,3385.4,,
55,19,female,28.3,0,yes,southwest,17081.08,,
56,52,female,37.4,0,no,southwest,9634.54,,
57,59,female,26.5,0,no,northeast,12815.44,,
58,61,female,22,0,no,northeast,13616.36,,
59,53,female,35.9,2,no,southwest,11163.57,,
60,20,female,28.8,0,no,northeast,2457.21,,
61,22,female,28.1,0,no,southeast,2155.68,,
62,22,female,36,0,no,southwest,2166.73,,
63,29,female,38.8,3,no,southeast,5138.26,,
64,51,female,37.7,1,no,southeast,9877.61,,
65,53,female,37.4,1,no,northwest,10959.69,,
66,32,female,37.1,3,no,northeast,6334.34,,
67,40,female,25.5,1,no,northeast,7077.19,,
68,32,female,29.8,2,no,southwest,5152.13,,
69,20,female,37,5,no,southwest,4830.63,,
70,32,female,33.2,3,no,northwest,6128.8,,
71,19,female,31.8,1,no,northwest,2719.28,,
72,35,female,34.8,1,no,southwest,5246.05,,
73,24,female,33.3,0,no,northwest,2855.44,,
74,46,female,28.9,2,no,southwest,8823.28,,
75,41,female,33.2,3,no,northeast,8538.29,,
76,18,female,38.3,0,no,southeast,1631.82,,
77,44,female,26.4,0,no,northwest,7419.48,,
78,26,female,29.9,2,no,southeast,3981.98,,
79,30,female,30.9,3,no,southwest,5325.65,,
80,41,female,32.2,1,no,southwest,6775.96,,
81,29,female,32.1,2,no,northwest,4922.92,,
82,36,female,26.2,0,no,southwest,4883.87,,
83,56,female,26.6,1,no,northwest,12044.34,,
84,39,female,32.8,0,no,southwest,5649.72,,
85,45,female,28.6,2,no,southeast,8516.83,,
86,51,female,18.1,0,no,northwest,9644.25,,
87,64,female,39.3,0,no,northeast,14901.52,,
88,19,female,32.1,0,no,northwest,2130.68,,
89,48,female,32.2,1,no,southeast,8871.15,,
90,60,female,24,0,no,northwest,13012.21,,
91,28,female,28.9,1,no,northeast,4337.74,,
92,63,female,31.8,0,no,southwest,13880.95,,
93,34,female,26.7,1,no,southeast,5002.78,,
94,45,female,30.9,2,no,southwest,8520.03,,
95,41,female,37.1,2,no,southwest,7371.77,,
96,53,female,26.6,0,no,northwest,10355.64,,
97,26,female,29.9,1,no,southeast,3392.98,,
98,34,female,33.7,1,no,southwest,5012.47,,
99,53,female,33.3,0,no,northeast,10564.88,,
100,41,female,31.6,1,no,northeast,7358.18,,
101,42,female,36.2,1,no,northwest,7443.64,,
102,59,female,27.8,3,no,southeast,14001.29,,
103,19,female,17.8,0,no,southwest,1727.79,,
104,18,female,26.7,0,no,southeast,1615.77,,
105,33,female,22.1,1,no,northeast,5354.07,,
106,60,female,38.1,0,no,southeast,12648.7,,
107,55,female,25.4,3,no,northeast,13047.33,,
108,38,female,40.2,0,no,southeast,5400.98,,
109,58,female,25.2,0,no,southwest,11837.16,,
110,20,female,26.8,1,yes,southeast,17085.27,,
111,59,female,32.4,3,no,northeast,14590.63,,
112,47,female,26.6,2,no,northeast,9715.84,,
113,22,female,24.3,0,no,southwest,2150.47,,
114,51,female,21.6,1,no,southeast,9855.13,,
115,55,female,32.4,1,no,northeast,11879.1,,
116,52,female,31.2,0,no,southwest,9625.92,,
117,46,female,48.1,2,no,northeast,9432.93,,
118,63,female,26.2,0,no,northwest,14256.19,,
119,28,female,33.4,0,no,southwest,3172.02,,
120,22,female,28.8,0,no,southeast,2156.75,,
121,48,female,28.9,1,no,northwest,9249.5,,
122,56,female,37.5,2,no,southeast,12265.51,,
123,28,female,33,2,no,southeast,4349.46,,
124,57,female,38,2,no,southwest,12646.21,,
125,30,female,33.3,1,no,southeast,4151.03,,
126,41,female,33.1,2,no,northwest,7749.16,,
127,19,female,24.7,0,no,southwest,1737.38,,
128,44,female,27.6,0,no,northwest,7421.19,,
129,27,female,23.2,1,no,southeast,3561.89,,
130,61,female,31.2,0,no,northwest,13429.04,,
131,56,female,28.8,0,no,northeast,11658.38,,
132,46,female,27.7,1,no,southeast,8232.64,,
133,60,female,27.6,0,no,northeast,13217.09,,
134,49,female,41.5,4,no,southeast,10977.21,,
135,34,female,29.3,3,no,southeast,6184.3,,
136,36,female,29.9,1,no,southeast,5478.04,,
137,57,female,23.2,0,no,northwest,11830.61,,
138,50,female,25.6,0,no,southwest,8932.08,,
139,30,female,27.7,0,no,southwest,3554.2,,
140,18,female,38.3,0,no,southeast,14133.04,,
141,18,female,20.8,0,no,southeast,1607.51,,
142,48,female,32.3,2,no,northeast,10043.25,,
143,19,female,21.7,0,yes,southwest,13844.51,,
144,21,female,26.4,1,no,southwest,2597.78,,
145,21,female,21.9,2,no,southeast,3180.51,,
146,49,female,30.8,1,no,northeast,9778.35,,
147,56,female,32.3,3,no,northeast,13430.27,,
148,42,female,25,2,no,northwest,8017.06,,
149,61,female,21.1,0,no,northwest,13415.04,,
150,57,female,22.2,0,no,northeast,12029.29,,
151,42,female,33.2,1,no,northeast,7639.42,,
152,23,female,28.3,0,yes,northwest,18033.97,,
153,64,female,30.1,3,no,northwest,16455.71,,
154,27,female,18,2,yes,northeast,15006.58,,
155,35,female,43.3,2,no,southeast,5846.92,,
156,58,female,39.1,0,no,southeast,11856.41,,
157,26,female,22.6,0,no,northwest,3176.82,,
158,24,female,30.2,3,no,northwest,4618.08,,
159,19,female,37.4,0,no,northwest,2138.07,,
160,46,female,32.3,2,no,northeast,9411.01,,
161,43,female,34.4,3,no,southwest,8522,,
162,18,female,38.2,0,no,southeast,1631.67,,
163,51,female,20.6,0,no,southwest,9264.8,,
164,64,female,33,0,no,northwest,14692.67,,
165,52,female,38.4,2,no,northeast,11396.9,,
166,33,female,24.3,0,no,southeast,4185.1,,
167,47,female,23.6,1,no,southwest,8539.67,,
168,26,female,17.2,2,yes,northeast,14455.64,,
169,19,female,35.2,0,no,northwest,2134.9,,
170,43,female,35.6,1,no,southeast,7345.73,,
171,38,female,27.3,1,no,northeast,6555.07,,
172,18,female,29.2,0,no,northeast,7323.73,,
173,21,female,16.8,1,no,northeast,3167.46,,
174,29,female,20.2,2,no,northwest,4906.41,,
175,60,female,30.5,0,no,southwest,12638.2,,
176,52,female,46.8,5,no,southeast,12592.53,,
177,31,female,32.7,1,no,northwest,4738.27,,
178,45,female,33.1,0,no,southwest,7345.08,,
179,56,female,25.7,0,no,northwest,11454.02,,
180,40,female,29.6,0,no,southwest,5910.94,,
181,55,female,30.1,2,no,southeast,11881.97,,
182,57,female,30.5,0,no,northwest,11840.78,,
183,40,female,33,3,no,southeast,7682.67,,
184,49,female,36.6,3,no,southeast,10381.48,,
185,62,female,38.1,2,no,northeast,15230.32,,
186,60,female,28.7,1,no,southwest,13224.69,,
187,56,female,33.8,2,no,northwest,12643.38,,
188,18,female,24.1,1,no,southeast,2201.1,,
189,18,female,30.1,0,no,northeast,2203.47,,
190,19,female,29.8,0,no,southwest,1744.47,,
191,18,female,31.4,0,no,southeast,1622.19,,
192,51,female,39.5,1,no,southwest,9880.07,,
193,31,female,31.1,0,no,northeast,4347.02,,
194,54,female,21.5,3,no,northwest,12475.35,,
195,19,female,32.9,0,no,southwest,1748.77,,
196,18,female,25.1,0,no,northeast,2196.47,,
197,31,female,23.6,2,no,southwest,4931.65,,
198,44,female,24,2,no,southeast,8211.1,,
199,62,female,39.2,0,no,southwest,13470.86,,
200,38,female,28.9,1,no,southeast,5974.38,,
201,24,female,25.3,0,no,northeast,3044.21,,
202,57,female,28.7,0,no,southwest,11455.28,,
203,35,female,31,1,no,southwest,5240.77,,
204,32,female,44.2,0,no,southeast,3994.18,,
205,51,female,33.9,0,no,northeast,9866.3,,
206,38,female,37.7,0,no,southeast,5397.62,,
207,18,female,33.9,0,no,southeast,11482.63,,
208,51,female,25.8,1,no,southwest,9861.03,,
209,62,female,31.7,0,no,northeast,14043.48,,
210,33,female,38.9,3,no,southwest,5972.38,,
211,46,female,30.2,2,no,southwest,8825.09,,
212,46,female,28.1,1,no,southeast,8233.1,,
213,34,female,38,3,no,southwest,6196.45,,
214,20,female,31.8,2,no,southeast,3056.39,,
215,63,female,36.3,0,no,southeast,13887.2,,
216,54,female,46.7,2,no,southwest,11538.42,,
217,25,female,28.6,0,no,northeast,3213.62,,
218,32,female,28.9,0,no,southeast,3972.92,,
219,52,female,31.7,2,no,northwest,11187.66,,
220,25,female,41.3,0,no,northeast,17878.9,,
221,46,female,20,2,no,northwest,9193.84,,
222,54,female,32.7,0,no,northeast,10923.93,,
223,18,female,32.1,2,no,southeast,2801.26,,
224,19,female,30.5,0,no,northwest,2128.43,,
225,38,female,40.6,1,no,northwest,6373.56,,
226,49,female,31.9,5,no,southwest,11552.9,,
227,31,female,29.1,0,no,southwest,3761.29,,
228,18,female,37.3,1,no,southeast,2219.45,,
229,30,female,43.1,2,no,southeast,4753.64,,
230,57,female,34.3,2,no,northeast,13224.06,,
231,58,female,27.2,0,no,northwest,12222.9,,
232,25,female,23.5,0,no,northeast,3206.49,,
233,32,female,23.7,1,no,southeast,17626.24,,
234,33,female,28.3,1,no,southeast,4779.6,,
235,61,female,35.9,0,no,northeast,13635.64,,
236,38,female,30.7,1,no,southeast,5976.83,,
237,58,female,29,0,no,southwest,11842.44,,
238,21,female,21.9,1,yes,northeast,15359.1,,
239,46,female,33.7,1,no,northeast,8823.99,,
240,42,female,29.5,2,no,southeast,7640.31,,
241,34,female,33.3,1,no,northeast,5594.85,,
242,18,female,39.2,0,no,southeast,1633.04,,
243,56,female,25.3,0,no,southwest,11070.54,,
244,64,female,39.1,3,no,southeast,16085.13,,
245,19,female,28.3,0,yes,northwest,17468.98,,
246,51,female,34.1,0,no,southeast,9283.56,,
247,27,female,25.2,0,no,northeast,3558.62,,
248,47,female,29.4,1,no,southeast,8547.69,,
249,38,female,34.8,2,no,southwest,6571.54,,
250,18,female,33.2,0,no,northeast,2207.7,,
251,34,female,19,3,no,northeast,6753.04,,
252,20,female,33,0,no,southeast,1880.07,,
253,56,female,28.6,0,no,northeast,11658.12,,
254,55,female,37.1,0,no,southwest,10713.64,,
255,49,female,21.3,1,no,southwest,9182.17,,
256,29,female,26,0,no,northwest,3736.46,,
257,29,female,35.5,0,no,southeast,3366.67,,
258,19,female,24.5,1,no,northwest,2709.11,,
259,23,female,35,3,no,northwest,4466.62,,
260,40,female,23.4,3,no,northeast,8252.28,,
261,58,female,33,0,no,northeast,12430.95,,
262,49,female,42.7,2,no,southeast,9800.89,,
263,53,female,39.6,1,no,southeast,10579.71,,
264,48,female,31.1,0,no,southeast,8280.62,,
265,45,female,36.3,2,no,southeast,8527.53,,
266,59,female,35.2,0,no,southeast,12244.53,,
267,26,female,42.4,1,no,southwest,3410.32,,
268,57,female,28.8,4,no,northeast,14394.4,,
269,32,female,31.5,1,no,northeast,5148.55,,
270,40,female,29.8,1,no,southeast,6500.24,,
271,29,female,31.2,0,no,northeast,3943.6,,
272,41,female,31,0,no,southeast,6185.32,,
273,55,female,40.8,3,no,southeast,12485.8,,
274,49,female,23.2,2,no,northwest,10156.78,,
275,21,female,17.4,1,no,southwest,2585.27,,
276,33,female,18.5,1,no,southwest,4766.02,,
277,27,female,34.8,1,no,southwest,3578,,
278,26,female,40.2,0,no,northwest,3201.25,,
279,23,female,39.3,2,no,southeast,3500.61,,
280,21,female,34.9,0,no,southeast,2020.55,,
281,50,female,44.7,0,no,northeast,9541.7,,
282,34,female,26.4,1,no,northwest,5385.34,,
283,47,female,29.5,1,no,northwest,8930.93,,
284,33,female,32.9,2,no,southwest,5375.04,,
285,31,female,30.5,3,no,northeast,6113.23,,
286,36,female,27.7,0,no,northeast,5469.01,,
287,50,female,23.5,2,no,southeast,10107.22,,
288,43,female,30.7,2,no,northwest,8310.84,,
289,24,female,22.6,0,no,southwest,2457.5,,
290,49,female,22.6,1,no,northwest,9566.99,,
291,51,female,36.7,2,no,northwest,10848.13,,
292,58,female,33.4,0,no,northwest,12231.61,,
293,51,female,40.7,0,no,northeast,9875.68,,
294,50,female,27.1,1,no,northeast,10106.13,,
295,29,female,21.8,1,yes,northeast,16657.72,,
296,18,female,40.3,0,no,northeast,2217.6,,
297,41,female,36.1,1,no,southeast,6781.35,,
298,24,female,30.1,3,no,southwest,4234.93,,
299,48,female,27.3,1,no,northeast,9447.25,,
300,59,female,32.1,3,no,southwest,14007.22,,
301,49,female,34.8,1,no,northwest,9583.89,,
302,31,female,26.6,0,no,southeast,3757.84,,
303,50,female,30.1,1,no,northwest,9910.36,,
304,47,female,36,1,no,southwest,8556.91,,
305,58,female,22.8,0,no,southeast,11833.78,,
306,39,female,22.8,3,no,northeast,7985.82,,
307,22,female,34.6,2,no,northeast,3925.76,,
308,45,female,25.2,2,no,northeast,9095.07,,
309,57,female,31.8,0,no,northwest,11842.62,,
310,42,female,29,1,no,southwest,7050.64,,
311,64,female,39.7,0,no,southwest,14319.03,,
312,38,female,19.5,2,no,northwest,6933.24,,
313,53,female,26.7,2,no,southwest,11150.78,,
314,44,female,36.5,0,no,northeast,12797.21,,
315,19,female,28.9,0,yes,northwest,17748.51,,
316,31,female,29.3,1,no,southeast,4350.51,,
317,35,female,27.7,3,no,southwest,6414.18,,
318,62,female,29.9,0,no,southeast,13457.96,,
319,39,female,41.8,0,no,southeast,5662.23,,
320,22,female,23.2,0,no,northeast,2731.91,,
321,39,female,31.9,2,no,northwest,7209.49,,
322,30,female,22.9,1,no,northeast,4719.52,,
323,58,female,33.1,0,no,southwest,11848.14,,
324,42,female,26.2,1,no,southeast,7046.72,,
325,64,female,36,0,no,southeast,14313.85,,
326,45,female,35.8,0,no,northwest,7731.86,,
327,19,female,36.6,0,no,northwest,2136.88,,
328,46,female,30.8,3,no,southwest,9414.92,,
329,33,female,42.9,3,no,northwest,6360.99,,
330,20,female,31.5,0,no,southeast,1877.93,,
331,24,female,24.2,0,no,northwest,2842.76,,
332,18,female,31.1,0,no,southeast,1621.88,,
333,44,female,29.8,2,no,southeast,8219.2,,
334,64,female,31.8,2,no,northeast,16069.08,,
335,36,female,25.8,0,no,northwest,5266.37,,
336,28,female,23.8,2,no,northwest,4719.74,,
337,56,female,28.3,0,no,northeast,11657.72,,
338,35,female,23.5,2,no,northeast,6402.29,,
339,59,female,31.4,0,no,northwest,12622.18,,
340,51,female,34.2,1,no,southwest,9872.7,,
341,27,female,24.1,0,no,southwest,2974.13,,
342,53,female,23.8,2,no,northeast,11729.68,,
343,20,female,29.6,0,no,southwest,1875.34,,
344,25,female,32.2,1,no,southeast,18218.16,,
345,38,female,28,3,no,southwest,7151.09,,
346,55,female,33.5,2,no,northwest,12269.69,,
347,36,female,19.9,0,no,northeast,5458.05,,
348,25,female,24.3,3,no,southwest,4391.65,,
349,26,female,29.5,1,no,southeast,3392.37,,
350,23,female,28.1,0,no,northwest,2690.11,,
351,37,female,29.5,2,no,southwest,6311.95,,
352,21,female,22.1,0,no,northeast,2585.85,,
353,36,female,30,0,no,northwest,5272.18,,
354,36,female,29,4,no,southeast,7243.81,,
355,61,female,44,0,no,southwest,13063.88,,
356,18,female,40.3,0,no,southeast,1634.57,,
357,19,female,22.5,0,no,northwest,2117.34,,
358,60,female,35.1,0,no,southwest,12644.59,,
359,26,female,29.4,2,no,northeast,4564.19,,
360,44,female,32.3,1,no,southeast,7633.72,,
361,32,female,24.6,0,yes,southwest,17496.31,,
362,59,female,26.7,3,no,northwest,14382.71,,
363,44,female,27.5,1,no,southwest,7626.99,,
364,24,female,34,0,no,southeast,2473.33,,
365,61,female,28.2,0,no,southwest,13041.92,,
366,35,female,34.2,1,no,southeast,5245.23,,
367,62,female,25,0,no,southwest,13451.12,,
368,62,female,33.2,0,no,southwest,13462.52,,
369,19,female,23.4,2,no,southwest,2913.57,,
370,57,female,20.1,1,no,southwest,12032.33,,
371,62,female,39.2,0,no,southeast,13470.8,,
372,39,female,32.5,1,no,southwest,6238.3,,
373,45,female,35.3,0,no,southwest,7348.14,,
374,59,female,27.5,0,no,southwest,12233.83,,
375,39,female,24.2,5,no,northwest,8965.8,,
376,50,female,46.1,1,no,southeast,9549.57,,
377,18,female,40.2,0,no,northeast,2217.47,,
378,56,female,35.8,1,no,southwest,11674.13,,
379,30,female,28.4,1,no,northwest,4527.18,,
380,19,female,39.6,1,no,northwest,2730.11,,
381,29,female,25.9,0,no,southwest,3353.28,,
382,63,female,35.2,1,no,southeast,14474.68,,
383,39,female,34.3,5,no,southeast,8596.83,,
384,50,female,28.2,3,no,southeast,10702.64,,
385,34,female,23.6,0,no,northeast,4992.38,,
386,22,female,20.2,0,no,northwest,2527.82,,
387,19,female,40.5,0,no,southwest,1759.34,,
388,45,female,40,3,no,northeast,9704.67,,
389,36,female,29.9,0,no,southeast,4889.04,,
390,27,female,30.6,1,no,northeast,16796.41,,
391,44,female,25.8,1,no,southwest,7624.63,,
392,24,female,20.5,0,yes,northeast,14571.89,,
393,26,female,19.8,1,no,southwest,3378.91,,
394,38,female,27.8,2,no,northeast,7144.86,,
395,50,female,31.6,2,no,southwest,10118.42,,
396,27,female,20,3,yes,northwest,16420.49,,
397,39,female,23.3,3,no,northeast,7986.48,,
398,39,female,34.1,3,no,southwest,7418.52,,
399,63,female,36.9,0,no,southeast,13887.97,,
400,33,female,36.3,3,no,northeast,6551.75,,
401,36,female,26.9,0,no,northwest,5267.82,,
402,48,female,22.8,0,no,southwest,8269.04,,
403,38,female,27.6,0,no,southwest,5383.54,,
404,19,female,24.6,1,no,northwest,2709.24,,
405,26,female,34.2,2,no,southwest,3987.93,,
406,54,female,35.8,3,no,northwest,12495.29,,
407,47,female,45.3,1,no,southeast,8569.86,,
408,21,female,34.6,0,no,southwest,2020.18,,
409,37,female,17.3,2,no,northeast,6877.98,,
410,30,female,27.9,0,no,northeast,4137.52,,
411,54,female,23,3,no,southwest,12094.48,,
412,28,female,25.8,0,no,southwest,3161.45,,
413,43,female,25.1,0,no,northeast,7325.05,,
414,25,female,22.5,1,no,northwest,3594.17,,
415,44,female,37,1,no,northwest,8023.14,,
416,27,female,21.5,0,no,northwest,3353.47,,
417,48,female,28.9,0,no,southwest,8277.52,,
418,45,female,31.8,0,no,southeast,17929.3,,
419,24,female,39.5,0,no,southeast,2480.98,,
420,29,female,25.6,4,no,southwest,5708.87,,
421,42,female,25.3,1,no,southwest,7045.5,,
422,54,female,31.9,1,no,southeast,10928.85,,
423,54,female,28.9,2,no,northeast,12096.65,,
424,60,female,18.3,0,no,northeast,13204.29,,
425,32,female,29.6,1,no,southeast,4562.84,,
426,47,female,32,1,no,southwest,8551.35,,
427,62,female,30.5,2,no,northwest,15019.76,,
428,55,female,29.8,0,no,northeast,11286.54,,
429,50,female,33.7,4,no,southwest,11299.34,,
430,18,female,31.4,4,no,northeast,4561.19,,
431,25,female,34,1,no,southeast,3227.12,,
432,33,female,19.1,2,yes,northeast,16776.3,,
433,54,female,31.2,0,no,southeast,10338.93,,
434,49,female,29.9,0,no,northwest,8988.16,,
435,50,female,26.2,2,no,northwest,10493.95,,
436,54,female,32.3,1,no,northeast,11512.41,,
437,28,female,26.3,3,no,northwest,5312.17,,
438,30,female,20,3,no,northwest,5693.43,,
439,63,female,25.1,0,no,northwest,14254.61,,
440,35,female,35.9,2,no,southeast,5836.52,,
441,19,female,18.6,0,no,southwest,1728.9,,
442,39,female,23.9,5,no,southeast,8582.3,,
443,52,female,18.3,0,no,northwest,9991.04,,
444,50,female,28.1,3,no,northwest,11085.59,,
445,44,female,25,1,no,southwest,7623.52,,
446,26,female,22.2,0,no,northwest,3176.29,,
447,41,female,32.6,3,no,southwest,7954.52,,
448,20,female,31.9,0,no,northwest,2261.57,,
449,18,female,30.3,0,no,northeast,2203.74,,
450,58,female,36.5,0,no,northwest,12235.84,,
451,35,female,35.8,1,no,northwest,5630.46,,
452,48,female,27.9,4,no,northwest,11015.17,,
453,36,female,22.1,3,no,northeast,7228.22,,
454,23,female,23.2,2,no,northwest,14426.07,,
455,20,female,30.6,0,no,northeast,2459.72,,
456,32,female,41.1,0,no,southwest,3989.84,,
457,43,female,34.6,1,no,northwest,7727.25,,
458,18,female,28.2,0,no,northeast,2200.83,,
459,41,female,28.3,1,no,northwest,7153.55,,
460,35,female,26.1,0,no,northeast,5227.99,,
461,29,female,24.6,2,no,southwest,4529.48,,
462,37,female,34.1,1,no,northwest,6112.35,,
463,56,female,41.9,0,no,southeast,11093.62,,
464,22,female,27.1,0,no,southwest,2154.36,,
465,40,female,27.4,1,no,southwest,6496.89,,
466,23,female,34.9,0,no,northeast,2899.49,,
467,42,female,41.3,1,no,northeast,7650.77,,
468,24,female,29.9,0,no,northwest,2850.68,,
469,25,female,30.3,0,no,southwest,2632.99,,
470,48,female,27.4,1,no,northeast,9447.38,,
471,23,female,28.5,1,yes,southeast,18328.24,,
472,62,female,32.7,0,no,northwest,13844.8,,
473,23,female,28,0,no,southwest,13126.68,,
474,31,female,32.8,2,no,northwest,5327.4,,
475,41,female,21.8,1,no,northeast,13725.47,,
476,58,female,32.4,1,no,northeast,13019.16,,
477,48,female,36.6,0,no,northwest,8671.19,,
478,31,female,21.8,0,no,northwest,4134.08,,
479,31,female,25.8,2,no,southwest,4934.71,,
480,18,female,27.3,3,yes,southeast,18223.45,,
481,52,female,33.3,2,no,southwest,10806.84,,
482,27,female,31.3,1,no,northwest,3956.07,,
483,38,female,30.2,3,no,northwest,7537.16,,
484,30,female,21.9,1,no,northeast,4718.2,,
485,33,female,39.8,1,no,southeast,4795.66,,
486,54,female,24.6,3,no,northwest,12479.71,,
487,45,female,27.8,2,no,southeast,8515.76,,
488,63,female,21.7,0,no,northeast,14449.85,,
489,58,female,28.2,0,no,northwest,12224.35,,
490,25,female,42.1,1,no,southeast,3238.44,,
491,22,female,21.3,3,no,northwest,4296.27,,
492,28,female,33.1,0,no,southeast,3171.61,,
493,45,female,25.7,3,no,southwest,9101.8,,
494,18,female,39.8,0,no,southeast,1633.96,,
495,40,female,29.3,4,no,southwest,15828.82,,
496,34,female,27.7,0,no,southeast,4415.16,,
497,42,female,37.9,0,no,southwest,6474.01,,
498,51,female,36.4,3,no,northwest,11436.74,,
499,54,female,27.6,1,no,northwest,11305.93,,
500,52,female,23.2,0,no,northeast,10197.77,,
501,32,female,20.5,0,no,northeast,4544.23,,
502,41,female,28.1,1,no,southeast,6770.19,,
503,43,female,29.9,1,no,southwest,7337.75,,
504,49,female,33.3,2,no,northeast,10370.91,,
505,55,female,30.5,0,no,southwest,10704.47,,
506,20,female,33.3,0,no,southwest,1880.49,,
507,25,female,34.5,0,no,northwest,3021.81,,
508,22,female,30.4,0,no,northeast,2741.95,,
509,32,female,29.7,0,no,northwest,4357.04,,
510,25,female,26.8,2,no,northwest,4189.11,,
511,48,female,33.3,0,no,southeast,8283.68,,
512,18,female,21.7,0,yes,northeast,14283.46,,
513,47,female,24.3,0,no,northeast,8534.67,,
514,28,female,17.3,0,no,northeast,3732.63,,
515,36,female,25.9,1,no,southwest,5472.45,,
516,38,female,20,2,no,northeast,7133.9,,
517,28,female,26.5,2,no,southeast,4340.44,,
518,19,female,25.7,1,no,northwest,2710.83,,
519,25,female,20.8,1,no,southwest,3208.79,,
520,24,female,27.7,0,no,southeast,2464.62,,
521,29,female,21.9,0,yes,northeast,16115.3,,
522,33,female,26.7,0,no,northwest,4571.41,,
523,19,female,20.6,0,no,southwest,1731.68,,
524,39,female,26.3,2,no,northwest,7201.7,,
525,42,female,32.9,0,no,northeast,7050.02,,
526,57,female,25.7,2,no,southeast,12629.17,,
527,23,female,33.4,0,no,southwest,10795.94,,
528,52,female,44.7,3,no,southwest,11411.69,,
529,18,female,31.9,0,no,northeast,2205.98,,
530,18,female,36.9,0,no,southeast,1629.83,,
531,21,female,25.8,0,no,southwest,2007.95,,
